case,true_mean_degradation,true_wtd,true_absolute_loss_tail,observed_wtd_raw,observed_wtd_split,observed_absolute_loss_tail_raw,observed_absolute_loss_tail_crossfit
stable_poor,0.0,0.0,0.8000000000000003,0.22000000000000003,0.0012499999999999998,0.9316666666666666,0.791111111111111
stable_strong,0.0,0.0,0.1,0.15,-0.014930555555555556,0.22333333333333333,0.09055555555555556
uniform_degradation,0.20000000000000012,0.2000000000000001,0.40000000000000013,0.4533333333333333,0.205,0.5833333333333334,0.3911805555555555
sparse_collapse,0.07,0.6999999999999997,0.8000000000000003,0.698333333333333,0.6700347222222223,0.8,0.7965277777777778
