{
  "profile": "standard",
  "seed": 20260717,
  "config": {
    "items_per_domain": 50,
    "n_trials": 20,
    "mc_reps": 240,
    "n_boot": 160,
    "items_grid": [
      20,
      50,
      100
    ],
    "trials_grid": [
      2,
      5,
      10,
      20,
      50
    ],
    "sensitivity_mc": 160
  },
  "n_domains": 10,
  "scenario_notes": {
    "preserved_shift": "Shape is perfectly preserved despite an eight-point level loss.",
    "moderate_transport": "Profiles have a known moderate latent correlation (r=0.65).",
    "inverted": "Domain ordering is reversed (r=-1).",
    "low_spread": "The same latent r=0.65 is difficult to estimate when domains barely differ.",
    "flat_perturbed": "The perturbed profile has zero variance, so latent profile correlation is undefined."
  },
  "latent_profiles": {
    "preserved_shift": {
      "baseline": [
        0.38,
        0.4244444444444444,
        0.4688888888888889,
        0.5133333333333333,
        0.5577777777777778,
        0.6022222222222222,
        0.6466666666666667,
        0.691111111111111,
        0.7355555555555555,
        0.78
      ],
      "perturbed": [
        0.3,
        0.34444444444444444,
        0.38888888888888884,
        0.4333333333333333,
        0.4777777777777778,
        0.5222222222222223,
        0.5666666666666668,
        0.6111111111111112,
        0.6555555555555556,
        0.7000000000000002
      ],
      "true_r": 1.0
    },
    "moderate_transport": {
      "baseline": [
        0.40766312060385906,
        0.4459602049141126,
        0.4842572892243661,
        0.5225543735346196,
        0.5608514578448732,
        0.5991485421551267,
        0.6374456264653803,
        0.6757427107756336,
        0.7140397950858873,
        0.7523368793961407
      ],
      "perturbed": [
        0.515004146722196,
        0.5293239933548856,
        0.499652007513093,
        0.4933534965006825,
        0.6515026229057438,
        0.40366245606152346,
        0.6845996751529739,
        0.5594741675827133,
        0.6740942555288979,
        0.7893331786772904
      ],
      "true_r": 0.6500000000000002
    },
    "inverted": {
      "baseline": [
        0.38000000000000006,
        0.4244444444444444,
        0.46888888888888886,
        0.5133333333333332,
        0.5577777777777778,
        0.6022222222222222,
        0.6466666666666667,
        0.6911111111111112,
        0.7355555555555554,
        0.78
      ],
      "perturbed": [
        0.78,
        0.7355555555555554,
        0.6911111111111111,
        0.6466666666666666,
        0.6022222222222223,
        0.5577777777777778,
        0.5133333333333332,
        0.4688888888888889,
        0.4244444444444445,
        0.38
      ],
      "true_r": -1.0
    },
    "low_spread": {
      "baseline": [
        0.5611996131567846,
        0.5653774768997213,
        0.5695553406426581,
        0.5737332043855949,
        0.5779110681285315,
        0.5820889318714684,
        0.5862667956144051,
        0.5904446593573418,
        0.5946225231002787,
        0.5988003868432153
      ],
      "perturbed": [
        0.5532114022354374,
        0.5736462183093134,
        0.5800626730674738,
        0.58403647955336,
        0.5843942618077381,
        0.5694520366932356,
        0.5995378323785335,
        0.5783300831583379,
        0.5881789821351848,
        0.5891500306613848
      ],
      "true_r": 0.6499999999999985
    },
    "flat_perturbed": {
      "baseline": [
        0.38,
        0.4244444444444445,
        0.4688888888888889,
        0.5133333333333333,
        0.5577777777777778,
        0.6022222222222223,
        0.6466666666666667,
        0.6911111111111111,
        0.7355555555555555,
        0.78
      ],
      "perturbed": [
        0.56,
        0.56,
        0.56,
        0.56,
        0.56,
        0.56,
        0.56,
        0.5600000000000002,
        0.56,
        0.56
      ],
      "true_r": null
    }
  },
  "limitations": [
    "The simulation tests estimation with ten domain means; it doesn't validate CHC domains for machines.",
    "The Fisher interval treats ten domain pairs as exact iid observations and is included only as a comparator.",
    "The nested bootstrap preserves paired items and resamples items and within-item trials; it doesn't establish transport to new model families."
  ]
}
